"anio_hecho","mes_hecho","alcaldia_hecho","tipo_delito_mas_comun","cantidad_delito_mas_comun"
"2019","Abril","ALVARO OBREGON","VIOLENCIA FAMILIAR","205"
"2019","Agosto","ALVARO OBREGON","VIOLENCIA FAMILIAR","188"
"2019","Diciembre","ALVARO OBREGON","VIOLENCIA FAMILIAR","174"
"2019","Enero","ALVARO OBREGON","VIOLENCIA FAMILIAR","156"
"2019","Febrero","ALVARO OBREGON","VIOLENCIA FAMILIAR","164"
"2019","Julio","ALVARO OBREGON","VIOLENCIA FAMILIAR","140"
"2019","Junio","ALVARO OBREGON","VIOLENCIA FAMILIAR","153"
"2019","Marzo","ALVARO OBREGON","VIOLENCIA FAMILIAR","175"
"2019","Mayo","ALVARO OBREGON","VIOLENCIA FAMILIAR","183"
"2019","Noviembre","ALVARO OBREGON","VIOLENCIA FAMILIAR","169"
"2019","Octubre","ALVARO OBREGON","VIOLENCIA FAMILIAR","150"
"2019","Septiembre","ALVARO OBREGON","VIOLENCIA FAMILIAR","174"
"2020","Abril","ALVARO OBREGON","VIOLENCIA FAMILIAR","147"
"2020","Agosto","ALVARO OBREGON","VIOLENCIA FAMILIAR","215"
"2020","Diciembre","ALVARO OBREGON","VIOLENCIA FAMILIAR","201"
"2020","Enero","ALVARO OBREGON","VIOLENCIA FAMILIAR","162"
"2020","Febrero","ALVARO OBREGON","VIOLENCIA FAMILIAR","177"
"2020","Julio","ALVARO OBREGON","VIOLENCIA FAMILIAR","189"
"2020","Junio","ALVARO OBREGON","VIOLENCIA FAMILIAR","168"
"2020","Marzo","ALVARO OBREGON","VIOLENCIA FAMILIAR","188"
"2020","Mayo","ALVARO OBREGON","VIOLENCIA FAMILIAR","135"
"2020","Noviembre","ALVARO OBREGON","VIOLENCIA FAMILIAR","258"
"2020","Octubre","ALVARO OBREGON","VIOLENCIA FAMILIAR","207"
"2020","Septiembre","ALVARO OBREGON","VIOLENCIA FAMILIAR","182"
"2021","Abril","ALVARO OBREGON","VIOLENCIA FAMILIAR","258"
"2021","Agosto","ALVARO OBREGON","VIOLENCIA FAMILIAR","205"
"2021","Diciembre","ALVARO OBREGON","VIOLENCIA FAMILIAR","162"
"2021","Enero","ALVARO OBREGON","VIOLENCIA FAMILIAR","217"
"2021","Febrero","ALVARO OBREGON","VIOLENCIA FAMILIAR","230"
"2021","Julio","ALVARO OBREGON","VIOLENCIA FAMILIAR","217"
"2021","Junio","ALVARO OBREGON","VIOLENCIA FAMILIAR","206"
"2021","Marzo","ALVARO OBREGON","VIOLENCIA FAMILIAR","270"
"2021","Mayo","ALVARO OBREGON","VIOLENCIA FAMILIAR","199"
"2021","Noviembre","ALVARO OBREGON","VIOLENCIA FAMILIAR","193"
"2021","Octubre","ALVARO OBREGON","VIOLENCIA FAMILIAR","202"
"2021","Septiembre","ALVARO OBREGON","VIOLENCIA FAMILIAR","191"
"NA","NA","ALVARO OBREGON","DDH SIN DATOS","4"
"2019","Abril","AZCAPOTZALCO","VIOLENCIA FAMILIAR","106"
"2019","Agosto","AZCAPOTZALCO","VIOLENCIA FAMILIAR","123"
"2019","Diciembre","AZCAPOTZALCO","VIOLENCIA FAMILIAR","114"
"2019","Enero","AZCAPOTZALCO","VIOLENCIA FAMILIAR","82"
"2019","Febrero","AZCAPOTZALCO","ROBO A NEGOCIO SIN VIOLENCIA","81"
"2019","Julio","AZCAPOTZALCO","VIOLENCIA FAMILIAR","115"
"2019","Junio","AZCAPOTZALCO","VIOLENCIA FAMILIAR","106"
"2019","Marzo","AZCAPOTZALCO","VIOLENCIA FAMILIAR","105"
"2019","Mayo","AZCAPOTZALCO","VIOLENCIA FAMILIAR","109"
"2019","Noviembre","AZCAPOTZALCO","VIOLENCIA FAMILIAR","88"
"2019","Octubre","AZCAPOTZALCO","VIOLENCIA FAMILIAR","105"
"2019","Septiembre","AZCAPOTZALCO","VIOLENCIA FAMILIAR","118"
"2020","Abril","AZCAPOTZALCO","VIOLENCIA FAMILIAR","94"
"2020","Agosto","AZCAPOTZALCO","VIOLENCIA FAMILIAR","134"
"2020","Diciembre","AZCAPOTZALCO","VIOLENCIA FAMILIAR","140"
"2020","Enero","AZCAPOTZALCO","VIOLENCIA FAMILIAR","141"
"2020","Febrero","AZCAPOTZALCO","VIOLENCIA FAMILIAR","142"
"2020","Julio","AZCAPOTZALCO","VIOLENCIA FAMILIAR","122"
"2020","Junio","AZCAPOTZALCO","VIOLENCIA FAMILIAR","113"
"2020","Marzo","AZCAPOTZALCO","VIOLENCIA FAMILIAR","137"
"2020","Mayo","AZCAPOTZALCO","VIOLENCIA FAMILIAR","102"
"2020","Noviembre","AZCAPOTZALCO","VIOLENCIA FAMILIAR","100"
"2020","Octubre","AZCAPOTZALCO","VIOLENCIA FAMILIAR","111"
"2020","Septiembre","AZCAPOTZALCO","VIOLENCIA FAMILIAR","131"
"2021","Abril","AZCAPOTZALCO","VIOLENCIA FAMILIAR","144"
"2021","Agosto","AZCAPOTZALCO","VIOLENCIA FAMILIAR","157"
"2021","Diciembre","AZCAPOTZALCO","VIOLENCIA FAMILIAR","137"
"2021","Enero","AZCAPOTZALCO","VIOLENCIA FAMILIAR","124"
"2021","Febrero","AZCAPOTZALCO","VIOLENCIA FAMILIAR","125"
"2021","Julio","AZCAPOTZALCO","VIOLENCIA FAMILIAR","152"
"2021","Junio","AZCAPOTZALCO","VIOLENCIA FAMILIAR","136"
"2021","Marzo","AZCAPOTZALCO","VIOLENCIA FAMILIAR","183"
"2021","Mayo","AZCAPOTZALCO","VIOLENCIA FAMILIAR","168"
"2021","Noviembre","AZCAPOTZALCO","VIOLENCIA FAMILIAR","142"
"2021","Octubre","AZCAPOTZALCO","VIOLENCIA FAMILIAR","169"
"2021","Septiembre","AZCAPOTZALCO","VIOLENCIA FAMILIAR","147"
"NA","NA","AZCAPOTZALCO","DDH SIN DATOS","3"
"2019","Abril","BENITO JUAREZ","ROBO A NEGOCIO SIN VIOLENCIA","175"
"2019","Agosto","BENITO JUAREZ","FRAUDE","171"
"2019","Diciembre","BENITO JUAREZ","ROBO A NEGOCIO SIN VIOLENCIA","154"
"2019","Enero","BENITO JUAREZ","FRAUDE","160"
"2019","Febrero","BENITO JUAREZ","FRAUDE","167"
"2019","Julio","BENITO JUAREZ","FRAUDE","177"
"2019","Junio","BENITO JUAREZ","ROBO DE ACCESORIOS DE AUTO","135"
"2019","Marzo","BENITO JUAREZ","FRAUDE","175"
"2019","Mayo","BENITO JUAREZ","ROBO A NEGOCIO SIN VIOLENCIA","177"
"2019","Noviembre","BENITO JUAREZ","FRAUDE","151"
"2019","Octubre","BENITO JUAREZ","ROBO A NEGOCIO SIN VIOLENCIA","172"
"2019","Septiembre","BENITO JUAREZ","ROBO A NEGOCIO SIN VIOLENCIA","149"
"2020","Abril","BENITO JUAREZ","ROBO DE ACCESORIOS DE AUTO","95"
"2020","Agosto","BENITO JUAREZ","FRAUDE","147"
"2020","Diciembre","BENITO JUAREZ","ROBO DE ACCESORIOS DE AUTO","148"
"2020","Enero","BENITO JUAREZ","FRAUDE","150"
"2020","Febrero","BENITO JUAREZ","FRAUDE","147"
"2020","Julio","BENITO JUAREZ","FRAUDE","134"
"2020","Junio","BENITO JUAREZ","FRAUDE","137"
"2020","Marzo","BENITO JUAREZ","ROBO DE ACCESORIOS DE AUTO","144"
"2020","Mayo","BENITO JUAREZ","FRAUDE","105"
"2020","Noviembre","BENITO JUAREZ","FRAUDE","132"
"2020","Octubre","BENITO JUAREZ","FRAUDE","165"
"2020","Septiembre","BENITO JUAREZ","FRAUDE","163"
"2021","Abril","BENITO JUAREZ","FRAUDE","163"
"2021","Agosto","BENITO JUAREZ","FRAUDE","167"
"2021","Diciembre","BENITO JUAREZ","VIOLENCIA FAMILIAR","98"
"2021","Enero","BENITO JUAREZ","FRAUDE","154"
"2021","Febrero","BENITO JUAREZ","FRAUDE","134"
"2021","Julio","BENITO JUAREZ","FRAUDE","139"
"2021","Junio","BENITO JUAREZ","FRAUDE","151"
"2021","Marzo","BENITO JUAREZ","FRAUDE","181"
"2021","Mayo","BENITO JUAREZ","FRAUDE","169"
"2021","Noviembre","BENITO JUAREZ","FRAUDE","160"
"2021","Octubre","BENITO JUAREZ","FRAUDE","166"
"2021","Septiembre","BENITO JUAREZ","FRAUDE","133"
"NA","NA","BENITO JUAREZ","DAÑO EN PROPIEDAD AJENA CULPOSA","2"
"2019","Abril","CDMX","VIOLENCIA FAMILIAR","1"
"2019","Agosto","CDMX","VIOLENCIA FAMILIAR","3"
"2019","Diciembre","CDMX","FRAUDE","1"
"2019","Enero","CDMX","VIOLACION","2"
"2019","Febrero","CDMX","VIOLENCIA FAMILIAR","1"
"2019","Julio","CDMX","VIOLACION","2"
"2019","Junio","CDMX","VIOLACION","1"
"2019","Marzo","CDMX","VIOLENCIA FAMILIAR","1"
"2019","Mayo","CDMX","VIOLENCIA FAMILIAR","2"
"2019","Noviembre","CDMX","VIOLENCIA FAMILIAR","4"
"2019","Octubre","CDMX","VIOLENCIA FAMILIAR","4"
"2019","Septiembre","CDMX","VIOLACION EQUIPARADA","1"
"2020","Abril","CDMX","EJERCICIO ILEGAL Y ABANDONO DEL SERVICIO PUBLICO","1"
"2020","Agosto","CDMX","FRAUDE","1"
"2020","Diciembre","CDMX","VIOLENCIA FAMILIAR","4"
"2020","Enero","CDMX","VIOLACION","3"
"2020","Febrero","CDMX","ACOSO SEXUAL","1"
"2020","Julio","CDMX","VIOLENCIA FAMILIAR","3"
"2020","Marzo","CDMX","VIOLACION","2"
"2020","Mayo","CDMX","VIOLACION","2"
"2020","Noviembre","CDMX","VIOLENCIA FAMILIAR","3"
"2020","Octubre","CDMX","VIOLENCIA FAMILIAR","5"
"2020","Septiembre","CDMX","VIOLENCIA FAMILIAR","4"
"2021","Abril","CDMX","VIOLACION","10"
"2021","Agosto","CDMX","FRAUDE","4"
"2021","Diciembre","CDMX","ROBO A PASAJERO A BORDO DE METRO SIN VIOLENCIA","15"
"2021","Enero","CDMX","VIOLACION","8"
"2021","Febrero","CDMX","VIOLENCIA FAMILIAR","9"
"2021","Julio","CDMX","VIOLACION","6"
"2021","Junio","CDMX","ROBO A PASAJERO A BORDO DE METRO SIN VIOLENCIA","12"
"2021","Marzo","CDMX","VIOLACION","10"
"2021","Mayo","CDMX","VIOLACION EQUIPARADA","9"
"2021","Noviembre","CDMX","ROBO A PASAJERO A BORDO DE METRO SIN VIOLENCIA","10"
"2021","Octubre","CDMX","ROBO A PASAJERO A BORDO DE METRO SIN VIOLENCIA","7"
"2021","Septiembre","CDMX","ROBO A PASAJERO A BORDO DE METRO SIN VIOLENCIA","7"
"2019","Abril","COYOACAN","VIOLENCIA FAMILIAR","143"
"2019","Agosto","COYOACAN","VIOLENCIA FAMILIAR","150"
"2019","Diciembre","COYOACAN","VIOLENCIA FAMILIAR","110"
"2019","Enero","COYOACAN","VIOLENCIA FAMILIAR","125"
"2019","Febrero","COYOACAN","VIOLENCIA FAMILIAR","124"
"2019","Julio","COYOACAN","ROBO A NEGOCIO SIN VIOLENCIA","138"
"2019","Junio","COYOACAN","VIOLENCIA FAMILIAR","132"
"2019","Marzo","COYOACAN","VIOLENCIA FAMILIAR","142"
"2019","Mayo","COYOACAN","VIOLENCIA FAMILIAR","156"
"2019","Noviembre","COYOACAN","VIOLENCIA FAMILIAR","140"
"2019","Octubre","COYOACAN","ROBO A NEGOCIO SIN VIOLENCIA","130"
"2019","Septiembre","COYOACAN","VIOLENCIA FAMILIAR","151"
"2020","Abril","COYOACAN","VIOLENCIA FAMILIAR","127"
"2020","Agosto","COYOACAN","VIOLENCIA FAMILIAR","145"
"2020","Diciembre","COYOACAN","VIOLENCIA FAMILIAR","177"
"2020","Enero","COYOACAN","VIOLENCIA FAMILIAR","157"
"2020","Febrero","COYOACAN","VIOLENCIA FAMILIAR","159"
"2020","Julio","COYOACAN","VIOLENCIA FAMILIAR","143"
"2020","Junio","COYOACAN","VIOLENCIA FAMILIAR","140"
"2020","Marzo","COYOACAN","VIOLENCIA FAMILIAR","171"
"2020","Mayo","COYOACAN","VIOLENCIA FAMILIAR","111"
"2020","Noviembre","COYOACAN","VIOLENCIA FAMILIAR","167"
"2020","Octubre","COYOACAN","VIOLENCIA FAMILIAR","169"
"2020","Septiembre","COYOACAN","VIOLENCIA FAMILIAR","180"
"2021","Abril","COYOACAN","VIOLENCIA FAMILIAR","232"
"2021","Agosto","COYOACAN","VIOLENCIA FAMILIAR","201"
"2021","Diciembre","COYOACAN","VIOLENCIA FAMILIAR","189"
"2021","Enero","COYOACAN","VIOLENCIA FAMILIAR","155"
"2021","Febrero","COYOACAN","VIOLENCIA FAMILIAR","194"
"2021","Julio","COYOACAN","VIOLENCIA FAMILIAR","195"
"2021","Junio","COYOACAN","VIOLENCIA FAMILIAR","203"
"2021","Marzo","COYOACAN","VIOLENCIA FAMILIAR","184"
"2021","Mayo","COYOACAN","VIOLENCIA FAMILIAR","228"
"2021","Noviembre","COYOACAN","VIOLENCIA FAMILIAR","182"
"2021","Octubre","COYOACAN","VIOLENCIA FAMILIAR","180"
"2021","Septiembre","COYOACAN","VIOLENCIA FAMILIAR","183"
"NA","NA","COYOACAN","ROBO DE OBJETOS DEL INTERIOR DE UN VEHICULO","3"
"2019","Abril","CUAJIMALPA DE MORELOS","VIOLENCIA FAMILIAR","30"
"2019","Agosto","CUAJIMALPA DE MORELOS","ROBO A NEGOCIO SIN VIOLENCIA","48"
"2019","Diciembre","CUAJIMALPA DE MORELOS","VIOLENCIA FAMILIAR","57"
"2019","Enero","CUAJIMALPA DE MORELOS","VIOLENCIA FAMILIAR","36"
"2019","Febrero","CUAJIMALPA DE MORELOS","ROBO A NEGOCIO SIN VIOLENCIA","30"
"2019","Julio","CUAJIMALPA DE MORELOS","VIOLENCIA FAMILIAR","45"
"2019","Junio","CUAJIMALPA DE MORELOS","VIOLENCIA FAMILIAR","46"
"2019","Marzo","CUAJIMALPA DE MORELOS","VIOLENCIA FAMILIAR","56"
"2019","Mayo","CUAJIMALPA DE MORELOS","VIOLENCIA FAMILIAR","59"
"2019","Noviembre","CUAJIMALPA DE MORELOS","VIOLENCIA FAMILIAR","49"
"2019","Octubre","CUAJIMALPA DE MORELOS","VIOLENCIA FAMILIAR","52"
"2019","Septiembre","CUAJIMALPA DE MORELOS","VIOLENCIA FAMILIAR","45"
"2020","Abril","CUAJIMALPA DE MORELOS","VIOLENCIA FAMILIAR","23"
"2020","Agosto","CUAJIMALPA DE MORELOS","VIOLENCIA FAMILIAR","51"
"2020","Diciembre","CUAJIMALPA DE MORELOS","VIOLENCIA FAMILIAR","43"
"2020","Enero","CUAJIMALPA DE MORELOS","VIOLENCIA FAMILIAR","40"
"2020","Febrero","CUAJIMALPA DE MORELOS","VIOLENCIA FAMILIAR","49"
"2020","Julio","CUAJIMALPA DE MORELOS","VIOLENCIA FAMILIAR","30"
"2020","Junio","CUAJIMALPA DE MORELOS","VIOLENCIA FAMILIAR","41"
"2020","Marzo","CUAJIMALPA DE MORELOS","VIOLENCIA FAMILIAR","58"
"2020","Mayo","CUAJIMALPA DE MORELOS","VIOLENCIA FAMILIAR","33"
"2020","Noviembre","CUAJIMALPA DE MORELOS","VIOLENCIA FAMILIAR","41"
"2020","Octubre","CUAJIMALPA DE MORELOS","VIOLENCIA FAMILIAR","67"
"2020","Septiembre","CUAJIMALPA DE MORELOS","VIOLENCIA FAMILIAR","46"
"2021","Abril","CUAJIMALPA DE MORELOS","VIOLENCIA FAMILIAR","51"
"2021","Agosto","CUAJIMALPA DE MORELOS","VIOLENCIA FAMILIAR","64"
"2021","Diciembre","CUAJIMALPA DE MORELOS","VIOLENCIA FAMILIAR","37"
"2021","Enero","CUAJIMALPA DE MORELOS","FRAUDE","44"
"2021","Febrero","CUAJIMALPA DE MORELOS","VIOLENCIA FAMILIAR","59"
"2021","Julio","CUAJIMALPA DE MORELOS","VIOLENCIA FAMILIAR","50"
"2021","Junio","CUAJIMALPA DE MORELOS","VIOLENCIA FAMILIAR","60"
"2021","Marzo","CUAJIMALPA DE MORELOS","VIOLENCIA FAMILIAR","63"
"2021","Mayo","CUAJIMALPA DE MORELOS","VIOLENCIA FAMILIAR","62"
"2021","Noviembre","CUAJIMALPA DE MORELOS","VIOLENCIA FAMILIAR","44"
"2021","Octubre","CUAJIMALPA DE MORELOS","VIOLENCIA FAMILIAR","58"
"2021","Septiembre","CUAJIMALPA DE MORELOS","VIOLENCIA FAMILIAR","53"
"NA","NA","CUAJIMALPA DE MORELOS","USURPACIÓN DE IDENTIDAD","2"
"2019","Abril","CUAUHTEMOC","FRAUDE","304"
"2019","Agosto","CUAUHTEMOC","FRAUDE","294"
"2019","Diciembre","CUAUHTEMOC","FRAUDE","282"
"2019","Enero","CUAUHTEMOC","FRAUDE","305"
"2019","Febrero","CUAUHTEMOC","FRAUDE","279"
"2019","Julio","CUAUHTEMOC","FRAUDE","349"
"2019","Junio","CUAUHTEMOC","FRAUDE","373"
"2019","Marzo","CUAUHTEMOC","FRAUDE","340"
"2019","Mayo","CUAUHTEMOC","FRAUDE","359"
"2019","Noviembre","CUAUHTEMOC","FRAUDE","340"
"2019","Octubre","CUAUHTEMOC","FRAUDE","315"
"2019","Septiembre","CUAUHTEMOC","FRAUDE","296"
"2020","Abril","CUAUHTEMOC","FRAUDE","146"
"2020","Agosto","CUAUHTEMOC","FRAUDE","297"
"2020","Diciembre","CUAUHTEMOC","FRAUDE","208"
"2020","Enero","CUAUHTEMOC","FRAUDE","338"
"2020","Febrero","CUAUHTEMOC","FRAUDE","250"
"2020","Julio","CUAUHTEMOC","FRAUDE","201"
"2020","Junio","CUAUHTEMOC","FRAUDE","169"
"2020","Marzo","CUAUHTEMOC","FRAUDE","282"
"2020","Mayo","CUAUHTEMOC","FRAUDE","164"
"2020","Noviembre","CUAUHTEMOC","FRAUDE","273"
"2020","Octubre","CUAUHTEMOC","FRAUDE","314"
"2020","Septiembre","CUAUHTEMOC","FRAUDE","259"
"2021","Abril","CUAUHTEMOC","VIOLENCIA FAMILIAR","260"
"2021","Agosto","CUAUHTEMOC","FRAUDE","230"
"2021","Diciembre","CUAUHTEMOC","VIOLENCIA FAMILIAR","196"
"2021","Enero","CUAUHTEMOC","FRAUDE","212"
"2021","Febrero","CUAUHTEMOC","FRAUDE","213"
"2021","Julio","CUAUHTEMOC","FRAUDE","230"
"2021","Junio","CUAUHTEMOC","FRAUDE","260"
"2021","Marzo","CUAUHTEMOC","FRAUDE","278"
"2021","Mayo","CUAUHTEMOC","FRAUDE","276"
"2021","Noviembre","CUAUHTEMOC","ABUSO DE CONFIANZA","302"
"2021","Octubre","CUAUHTEMOC","VIOLENCIA FAMILIAR","251"
"2021","Septiembre","CUAUHTEMOC","ABUSO DE CONFIANZA","290"
"NA","NA","CUAUHTEMOC","FRAUDE","11"
"2019","Abril","FUERA DE CDMX","VIOLENCIA FAMILIAR","26"
"2019","Agosto","FUERA DE CDMX","VIOLENCIA FAMILIAR","28"
"2019","Diciembre","FUERA DE CDMX","VIOLENCIA FAMILIAR","22"
"2019","Enero","FUERA DE CDMX","ROBO DE VEHICULO DE SERVICIO PARTICULAR CON VIOLENCIA","17"
"2019","Febrero","FUERA DE CDMX","LESIONES INTENCIONALES POR ARMA DE FUEGO","18"
"2019","Julio","FUERA DE CDMX","VIOLENCIA FAMILIAR","28"
"2019","Junio","FUERA DE CDMX","ABUSO SEXUAL","22"
"2019","Marzo","FUERA DE CDMX","LESIONES INTENCIONALES POR ARMA DE FUEGO","19"
"2019","Mayo","FUERA DE CDMX","VIOLENCIA FAMILIAR","27"
"2019","Noviembre","FUERA DE CDMX","VIOLENCIA FAMILIAR","24"
"2019","Octubre","FUERA DE CDMX","VIOLENCIA FAMILIAR","28"
"2019","Septiembre","FUERA DE CDMX","VIOLENCIA FAMILIAR","20"
"2020","Abril","FUERA DE CDMX","VIOLENCIA FAMILIAR","12"
"2020","Agosto","FUERA DE CDMX","VIOLENCIA FAMILIAR","26"
"2020","Diciembre","FUERA DE CDMX","LESIONES INTENCIONALES POR ARMA DE FUEGO","25"
"2020","Enero","FUERA DE CDMX","VIOLENCIA FAMILIAR","22"
"2020","Febrero","FUERA DE CDMX","VIOLENCIA FAMILIAR","16"
"2020","Julio","FUERA DE CDMX","VIOLENCIA FAMILIAR","30"
"2020","Junio","FUERA DE CDMX","VIOLENCIA FAMILIAR","25"
"2020","Marzo","FUERA DE CDMX","VIOLENCIA FAMILIAR","32"
"2020","Mayo","FUERA DE CDMX","VIOLENCIA FAMILIAR","17"
"2020","Noviembre","FUERA DE CDMX","VIOLENCIA FAMILIAR","7"
"2020","Octubre","FUERA DE CDMX","VIOLENCIA FAMILIAR","20"
"2020","Septiembre","FUERA DE CDMX","VIOLENCIA FAMILIAR","33"
"2021","Abril","FUERA DE CDMX","LESIONES INTENCIONALES POR ARMA DE FUEGO","22"
"2021","Agosto","FUERA DE CDMX","VIOLENCIA FAMILIAR","30"
"2021","Diciembre","FUERA DE CDMX","LESIONES INTENCIONALES POR ARMA DE FUEGO","18"
"2021","Enero","FUERA DE CDMX","VIOLENCIA FAMILIAR","13"
"2021","Febrero","FUERA DE CDMX","VIOLENCIA FAMILIAR","24"
"2021","Julio","FUERA DE CDMX","VIOLENCIA FAMILIAR","27"
"2021","Junio","FUERA DE CDMX","VIOLENCIA FAMILIAR","29"
"2021","Marzo","FUERA DE CDMX","VIOLENCIA FAMILIAR","29"
"2021","Mayo","FUERA DE CDMX","VIOLENCIA FAMILIAR","30"
"2021","Noviembre","FUERA DE CDMX","LESIONES INTENCIONALES POR ARMA DE FUEGO","20"
"2021","Octubre","FUERA DE CDMX","VIOLENCIA FAMILIAR","26"
"2021","Septiembre","FUERA DE CDMX","VIOLENCIA FAMILIAR","19"
"NA","NA","FUERA DE CDMX","ABUSO SEXUAL","2"
"2019","Abril","GUSTAVO A. MADERO","VIOLENCIA FAMILIAR","242"
"2019","Agosto","GUSTAVO A. MADERO","VIOLENCIA FAMILIAR","281"
"2019","Diciembre","GUSTAVO A. MADERO","VIOLENCIA FAMILIAR","288"
"2019","Enero","GUSTAVO A. MADERO","VIOLENCIA FAMILIAR","184"
"2019","Febrero","GUSTAVO A. MADERO","VIOLENCIA FAMILIAR","224"
"2019","Julio","GUSTAVO A. MADERO","VIOLENCIA FAMILIAR","261"
"2019","Junio","GUSTAVO A. MADERO","VIOLENCIA FAMILIAR","242"
"2019","Marzo","GUSTAVO A. MADERO","VIOLENCIA FAMILIAR","266"
"2019","Mayo","GUSTAVO A. MADERO","VIOLENCIA FAMILIAR","300"
"2019","Noviembre","GUSTAVO A. MADERO","VIOLENCIA FAMILIAR","264"
"2019","Octubre","GUSTAVO A. MADERO","VIOLENCIA FAMILIAR","256"
"2019","Septiembre","GUSTAVO A. MADERO","VIOLENCIA FAMILIAR","303"
"2020","Abril","GUSTAVO A. MADERO","VIOLENCIA FAMILIAR","245"
"2020","Agosto","GUSTAVO A. MADERO","VIOLENCIA FAMILIAR","329"
"2020","Diciembre","GUSTAVO A. MADERO","VIOLENCIA FAMILIAR","317"
"2020","Enero","GUSTAVO A. MADERO","VIOLENCIA FAMILIAR","274"
"2020","Febrero","GUSTAVO A. MADERO","VIOLENCIA FAMILIAR","335"
"2020","Julio","GUSTAVO A. MADERO","VIOLENCIA FAMILIAR","288"
"2020","Junio","GUSTAVO A. MADERO","VIOLENCIA FAMILIAR","263"
"2020","Marzo","GUSTAVO A. MADERO","VIOLENCIA FAMILIAR","347"
"2020","Mayo","GUSTAVO A. MADERO","VIOLENCIA FAMILIAR","239"
"2020","Noviembre","GUSTAVO A. MADERO","VIOLENCIA FAMILIAR","336"
"2020","Octubre","GUSTAVO A. MADERO","VIOLENCIA FAMILIAR","400"
"2020","Septiembre","GUSTAVO A. MADERO","VIOLENCIA FAMILIAR","366"
"2021","Abril","GUSTAVO A. MADERO","VIOLENCIA FAMILIAR","410"
"2021","Agosto","GUSTAVO A. MADERO","VIOLENCIA FAMILIAR","369"
"2021","Diciembre","GUSTAVO A. MADERO","VIOLENCIA FAMILIAR","306"
"2021","Enero","GUSTAVO A. MADERO","VIOLENCIA FAMILIAR","356"
"2021","Febrero","GUSTAVO A. MADERO","VIOLENCIA FAMILIAR","310"
"2021","Julio","GUSTAVO A. MADERO","VIOLENCIA FAMILIAR","325"
"2021","Junio","GUSTAVO A. MADERO","VIOLENCIA FAMILIAR","368"
"2021","Marzo","GUSTAVO A. MADERO","VIOLENCIA FAMILIAR","420"
"2021","Mayo","GUSTAVO A. MADERO","VIOLENCIA FAMILIAR","414"
"2021","Noviembre","GUSTAVO A. MADERO","VIOLENCIA FAMILIAR","376"
"2021","Octubre","GUSTAVO A. MADERO","VIOLENCIA FAMILIAR","406"
"2021","Septiembre","GUSTAVO A. MADERO","VIOLENCIA FAMILIAR","380"
"NA","NA","GUSTAVO A. MADERO","VIOLENCIA FAMILIAR","5"
"2019","Abril","IZTACALCO","VIOLENCIA FAMILIAR","137"
"2019","Agosto","IZTACALCO","VIOLENCIA FAMILIAR","143"
"2019","Diciembre","IZTACALCO","VIOLENCIA FAMILIAR","129"
"2019","Enero","IZTACALCO","VIOLENCIA FAMILIAR","108"
"2019","Febrero","IZTACALCO","ROBO A TRANSEUNTE EN VIA PUBLICA CON VIOLENCIA","110"
"2019","Julio","IZTACALCO","VIOLENCIA FAMILIAR","136"
"2019","Junio","IZTACALCO","VIOLENCIA FAMILIAR","122"
"2019","Marzo","IZTACALCO","VIOLENCIA FAMILIAR","146"
"2019","Mayo","IZTACALCO","VIOLENCIA FAMILIAR","131"
"2019","Noviembre","IZTACALCO","VIOLENCIA FAMILIAR","128"
"2019","Octubre","IZTACALCO","VIOLENCIA FAMILIAR","114"
"2019","Septiembre","IZTACALCO","VIOLENCIA FAMILIAR","143"
"2020","Abril","IZTACALCO","VIOLENCIA FAMILIAR","97"
"2020","Agosto","IZTACALCO","VIOLENCIA FAMILIAR","133"
"2020","Diciembre","IZTACALCO","VIOLENCIA FAMILIAR","125"
"2020","Enero","IZTACALCO","VIOLENCIA FAMILIAR","125"
"2020","Febrero","IZTACALCO","VIOLENCIA FAMILIAR","156"
"2020","Julio","IZTACALCO","VIOLENCIA FAMILIAR","122"
"2020","Junio","IZTACALCO","VIOLENCIA FAMILIAR","100"
"2020","Marzo","IZTACALCO","VIOLENCIA FAMILIAR","152"
"2020","Mayo","IZTACALCO","VIOLENCIA FAMILIAR","101"
"2020","Noviembre","IZTACALCO","VIOLENCIA FAMILIAR","149"
"2020","Octubre","IZTACALCO","VIOLENCIA FAMILIAR","141"
"2020","Septiembre","IZTACALCO","VIOLENCIA FAMILIAR","127"
"2021","Abril","IZTACALCO","VIOLENCIA FAMILIAR","149"
"2021","Agosto","IZTACALCO","VIOLENCIA FAMILIAR","161"
"2021","Diciembre","IZTACALCO","VIOLENCIA FAMILIAR","156"
"2021","Enero","IZTACALCO","VIOLENCIA FAMILIAR","129"
"2021","Febrero","IZTACALCO","VIOLENCIA FAMILIAR","150"
"2021","Julio","IZTACALCO","VIOLENCIA FAMILIAR","158"
"2021","Junio","IZTACALCO","VIOLENCIA FAMILIAR","155"
"2021","Marzo","IZTACALCO","VIOLENCIA FAMILIAR","171"
"2021","Mayo","IZTACALCO","VIOLENCIA FAMILIAR","178"
"2021","Noviembre","IZTACALCO","VIOLENCIA FAMILIAR","126"
"2021","Octubre","IZTACALCO","VIOLENCIA FAMILIAR","166"
"2021","Septiembre","IZTACALCO","VIOLENCIA FAMILIAR","143"
"NA","NA","IZTACALCO","AMENAZAS","2"
"2019","Abril","IZTAPALAPA","VIOLENCIA FAMILIAR","401"
"2019","Agosto","IZTAPALAPA","VIOLENCIA FAMILIAR","390"
"2019","Diciembre","IZTAPALAPA","VIOLENCIA FAMILIAR","371"
"2019","Enero","IZTAPALAPA","VIOLENCIA FAMILIAR","282"
"2019","Febrero","IZTAPALAPA","VIOLENCIA FAMILIAR","338"
"2019","Julio","IZTAPALAPA","VIOLENCIA FAMILIAR","392"
"2019","Junio","IZTAPALAPA","VIOLENCIA FAMILIAR","383"
"2019","Marzo","IZTAPALAPA","VIOLENCIA FAMILIAR","404"
"2019","Mayo","IZTAPALAPA","VIOLENCIA FAMILIAR","463"
"2019","Noviembre","IZTAPALAPA","VIOLENCIA FAMILIAR","410"
"2019","Octubre","IZTAPALAPA","VIOLENCIA FAMILIAR","408"
"2019","Septiembre","IZTAPALAPA","VIOLENCIA FAMILIAR","383"
"2020","Abril","IZTAPALAPA","VIOLENCIA FAMILIAR","294"
"2020","Agosto","IZTAPALAPA","VIOLENCIA FAMILIAR","442"
"2020","Diciembre","IZTAPALAPA","VIOLENCIA FAMILIAR","379"
"2020","Enero","IZTAPALAPA","VIOLENCIA FAMILIAR","359"
"2020","Febrero","IZTAPALAPA","VIOLENCIA FAMILIAR","469"
"2020","Julio","IZTAPALAPA","VIOLENCIA FAMILIAR","410"
"2020","Junio","IZTAPALAPA","VIOLENCIA FAMILIAR","363"
"2020","Marzo","IZTAPALAPA","VIOLENCIA FAMILIAR","483"
"2020","Mayo","IZTAPALAPA","VIOLENCIA FAMILIAR","270"
"2020","Noviembre","IZTAPALAPA","VIOLENCIA FAMILIAR","431"
"2020","Octubre","IZTAPALAPA","VIOLENCIA FAMILIAR","496"
"2020","Septiembre","IZTAPALAPA","VIOLENCIA FAMILIAR","392"
"2021","Abril","IZTAPALAPA","VIOLENCIA FAMILIAR","585"
"2021","Agosto","IZTAPALAPA","VIOLENCIA FAMILIAR","419"
"2021","Diciembre","IZTAPALAPA","VIOLENCIA FAMILIAR","365"
"2021","Enero","IZTAPALAPA","VIOLENCIA FAMILIAR","362"
"2021","Febrero","IZTAPALAPA","VIOLENCIA FAMILIAR","469"
"2021","Julio","IZTAPALAPA","VIOLENCIA FAMILIAR","474"
"2021","Junio","IZTAPALAPA","VIOLENCIA FAMILIAR","537"
"2021","Marzo","IZTAPALAPA","VIOLENCIA FAMILIAR","585"
"2021","Mayo","IZTAPALAPA","VIOLENCIA FAMILIAR","600"
"2021","Noviembre","IZTAPALAPA","VIOLENCIA FAMILIAR","401"
"2021","Octubre","IZTAPALAPA","VIOLENCIA FAMILIAR","477"
"2021","Septiembre","IZTAPALAPA","VIOLENCIA FAMILIAR","387"
"NA","NA","IZTAPALAPA","DDH SIN DATOS","8"
"2019","Abril","LA MAGDALENA CONTRERAS","VIOLENCIA FAMILIAR","92"
"2019","Agosto","LA MAGDALENA CONTRERAS","VIOLENCIA FAMILIAR","70"
"2019","Diciembre","LA MAGDALENA CONTRERAS","VIOLENCIA FAMILIAR","65"
"2019","Enero","LA MAGDALENA CONTRERAS","VIOLENCIA FAMILIAR","67"
"2019","Febrero","LA MAGDALENA CONTRERAS","VIOLENCIA FAMILIAR","75"
"2019","Julio","LA MAGDALENA CONTRERAS","VIOLENCIA FAMILIAR","56"
"2019","Junio","LA MAGDALENA CONTRERAS","VIOLENCIA FAMILIAR","95"
"2019","Marzo","LA MAGDALENA CONTRERAS","VIOLENCIA FAMILIAR","79"
"2019","Mayo","LA MAGDALENA CONTRERAS","VIOLENCIA FAMILIAR","91"
"2019","Noviembre","LA MAGDALENA CONTRERAS","VIOLENCIA FAMILIAR","85"
"2019","Octubre","LA MAGDALENA CONTRERAS","VIOLENCIA FAMILIAR","59"
"2019","Septiembre","LA MAGDALENA CONTRERAS","VIOLENCIA FAMILIAR","72"
"2020","Abril","LA MAGDALENA CONTRERAS","VIOLENCIA FAMILIAR","57"
"2020","Agosto","LA MAGDALENA CONTRERAS","VIOLENCIA FAMILIAR","100"
"2020","Diciembre","LA MAGDALENA CONTRERAS","VIOLENCIA FAMILIAR","113"
"2020","Enero","LA MAGDALENA CONTRERAS","VIOLENCIA FAMILIAR","75"
"2020","Febrero","LA MAGDALENA CONTRERAS","VIOLENCIA FAMILIAR","95"
"2020","Julio","LA MAGDALENA CONTRERAS","VIOLENCIA FAMILIAR","88"
"2020","Junio","LA MAGDALENA CONTRERAS","VIOLENCIA FAMILIAR","79"
"2020","Marzo","LA MAGDALENA CONTRERAS","VIOLENCIA FAMILIAR","91"
"2020","Mayo","LA MAGDALENA CONTRERAS","VIOLENCIA FAMILIAR","56"
"2020","Noviembre","LA MAGDALENA CONTRERAS","VIOLENCIA FAMILIAR","124"
"2020","Octubre","LA MAGDALENA CONTRERAS","VIOLENCIA FAMILIAR","105"
"2020","Septiembre","LA MAGDALENA CONTRERAS","VIOLENCIA FAMILIAR","99"
"2021","Abril","LA MAGDALENA CONTRERAS","VIOLENCIA FAMILIAR","109"
"2021","Agosto","LA MAGDALENA CONTRERAS","VIOLENCIA FAMILIAR","86"
"2021","Diciembre","LA MAGDALENA CONTRERAS","VIOLENCIA FAMILIAR","83"
"2021","Enero","LA MAGDALENA CONTRERAS","VIOLENCIA FAMILIAR","114"
"2021","Febrero","LA MAGDALENA CONTRERAS","VIOLENCIA FAMILIAR","100"
"2021","Julio","LA MAGDALENA CONTRERAS","VIOLENCIA FAMILIAR","84"
"2021","Junio","LA MAGDALENA CONTRERAS","VIOLENCIA FAMILIAR","99"
"2021","Marzo","LA MAGDALENA CONTRERAS","VIOLENCIA FAMILIAR","141"
"2021","Mayo","LA MAGDALENA CONTRERAS","VIOLENCIA FAMILIAR","111"
"2021","Noviembre","LA MAGDALENA CONTRERAS","VIOLENCIA FAMILIAR","77"
"2021","Octubre","LA MAGDALENA CONTRERAS","VIOLENCIA FAMILIAR","106"
"2021","Septiembre","LA MAGDALENA CONTRERAS","VIOLENCIA FAMILIAR","84"
"NA","NA","LA MAGDALENA CONTRERAS","ABUSO SEXUAL","1"
"2019","Abril","MIGUEL HIDALGO","ROBO A TRANSEUNTE EN VIA PUBLICA CON VIOLENCIA","106"
"2019","Agosto","MIGUEL HIDALGO","ROBO DE OBJETOS","128"
"2019","Diciembre","MIGUEL HIDALGO","FRAUDE","93"
"2019","Enero","MIGUEL HIDALGO","FRAUDE","104"
"2019","Febrero","MIGUEL HIDALGO","FRAUDE","103"
"2019","Julio","MIGUEL HIDALGO","FRAUDE","129"
"2019","Junio","MIGUEL HIDALGO","ROBO A TRANSEUNTE EN VIA PUBLICA CON VIOLENCIA","96"
"2019","Marzo","MIGUEL HIDALGO","ROBO A TRANSEUNTE EN VIA PUBLICA CON VIOLENCIA","138"
"2019","Mayo","MIGUEL HIDALGO","ROBO A TRANSEUNTE EN VIA PUBLICA CON VIOLENCIA","112"
"2019","Noviembre","MIGUEL HIDALGO","ROBO DE OBJETOS","97"
"2019","Octubre","MIGUEL HIDALGO","ROBO DE OBJETOS","100"
"2019","Septiembre","MIGUEL HIDALGO","FRAUDE","109"
"2020","Abril","MIGUEL HIDALGO","VIOLENCIA FAMILIAR","85"
"2020","Agosto","MIGUEL HIDALGO","VIOLENCIA FAMILIAR","108"
"2020","Diciembre","MIGUEL HIDALGO","FRAUDE","116"
"2020","Enero","MIGUEL HIDALGO","FRAUDE","124"
"2020","Febrero","MIGUEL HIDALGO","VIOLENCIA FAMILIAR","115"
"2020","Julio","MIGUEL HIDALGO","FRAUDE","109"
"2020","Junio","MIGUEL HIDALGO","FRAUDE","91"
"2020","Marzo","MIGUEL HIDALGO","VIOLENCIA FAMILIAR","107"
"2020","Mayo","MIGUEL HIDALGO","VIOLENCIA FAMILIAR","82"
"2020","Noviembre","MIGUEL HIDALGO","FRAUDE","119"
"2020","Octubre","MIGUEL HIDALGO","FRAUDE","114"
"2020","Septiembre","MIGUEL HIDALGO","FRAUDE","148"
"2021","Abril","MIGUEL HIDALGO","FRAUDE","113"
"2021","Agosto","MIGUEL HIDALGO","FRAUDE","103"
"2021","Diciembre","MIGUEL HIDALGO","VIOLENCIA FAMILIAR","91"
"2021","Enero","MIGUEL HIDALGO","FRAUDE","125"
"2021","Febrero","MIGUEL HIDALGO","FRAUDE","100"
"2021","Julio","MIGUEL HIDALGO","FRAUDE","130"
"2021","Junio","MIGUEL HIDALGO","FRAUDE","127"
"2021","Marzo","MIGUEL HIDALGO","FRAUDE","130"
"2021","Mayo","MIGUEL HIDALGO","VIOLENCIA FAMILIAR","130"
"2021","Noviembre","MIGUEL HIDALGO","VIOLENCIA FAMILIAR","89"
"2021","Octubre","MIGUEL HIDALGO","VIOLENCIA FAMILIAR","112"
"2021","Septiembre","MIGUEL HIDALGO","VIOLENCIA FAMILIAR","105"
"NA","NA","MIGUEL HIDALGO","VIOLENCIA FAMILIAR","3"
"2019","Abril","MILPA ALTA","VIOLENCIA FAMILIAR","37"
"2019","Agosto","MILPA ALTA","VIOLENCIA FAMILIAR","39"
"2019","Diciembre","MILPA ALTA","VIOLENCIA FAMILIAR","29"
"2019","Enero","MILPA ALTA","VIOLENCIA FAMILIAR","24"
"2019","Febrero","MILPA ALTA","VIOLENCIA FAMILIAR","31"
"2019","Julio","MILPA ALTA","VIOLENCIA FAMILIAR","33"
"2019","Junio","MILPA ALTA","VIOLENCIA FAMILIAR","26"
"2019","Marzo","MILPA ALTA","VIOLENCIA FAMILIAR","42"
"2019","Mayo","MILPA ALTA","VIOLENCIA FAMILIAR","42"
"2019","Noviembre","MILPA ALTA","VIOLENCIA FAMILIAR","34"
"2019","Octubre","MILPA ALTA","VIOLENCIA FAMILIAR","34"
"2019","Septiembre","MILPA ALTA","VIOLENCIA FAMILIAR","32"
"2020","Abril","MILPA ALTA","VIOLENCIA FAMILIAR","23"
"2020","Agosto","MILPA ALTA","VIOLENCIA FAMILIAR","57"
"2020","Diciembre","MILPA ALTA","VIOLENCIA FAMILIAR","53"
"2020","Enero","MILPA ALTA","VIOLENCIA FAMILIAR","17"
"2020","Febrero","MILPA ALTA","VIOLENCIA FAMILIAR","39"
"2020","Julio","MILPA ALTA","VIOLENCIA FAMILIAR","33"
"2020","Junio","MILPA ALTA","VIOLENCIA FAMILIAR","36"
"2020","Marzo","MILPA ALTA","VIOLENCIA FAMILIAR","50"
"2020","Mayo","MILPA ALTA","VIOLENCIA FAMILIAR","28"
"2020","Noviembre","MILPA ALTA","VIOLENCIA FAMILIAR","42"
"2020","Octubre","MILPA ALTA","VIOLENCIA FAMILIAR","55"
"2020","Septiembre","MILPA ALTA","VIOLENCIA FAMILIAR","44"
"2021","Abril","MILPA ALTA","VIOLENCIA FAMILIAR","65"
"2021","Agosto","MILPA ALTA","VIOLENCIA FAMILIAR","56"
"2021","Diciembre","MILPA ALTA","VIOLENCIA FAMILIAR","54"
"2021","Enero","MILPA ALTA","VIOLENCIA FAMILIAR","43"
"2021","Febrero","MILPA ALTA","VIOLENCIA FAMILIAR","61"
"2021","Julio","MILPA ALTA","VIOLENCIA FAMILIAR","54"
"2021","Junio","MILPA ALTA","VIOLENCIA FAMILIAR","60"
"2021","Marzo","MILPA ALTA","VIOLENCIA FAMILIAR","56"
"2021","Mayo","MILPA ALTA","VIOLENCIA FAMILIAR","49"
"2021","Noviembre","MILPA ALTA","VIOLENCIA FAMILIAR","62"
"2021","Octubre","MILPA ALTA","VIOLENCIA FAMILIAR","63"
"2021","Septiembre","MILPA ALTA","VIOLENCIA FAMILIAR","55"
"NA","NA","MILPA ALTA","HOMICIDIO POR GOLPES","1"
"2019","Abril","TLAHUAC","VIOLENCIA FAMILIAR","69"
"2019","Agosto","TLAHUAC","VIOLENCIA FAMILIAR","115"
"2019","Diciembre","TLAHUAC","VIOLENCIA FAMILIAR","87"
"2019","Enero","TLAHUAC","VIOLENCIA FAMILIAR","55"
"2019","Febrero","TLAHUAC","VIOLENCIA FAMILIAR","72"
"2019","Julio","TLAHUAC","VIOLENCIA FAMILIAR","95"
"2019","Junio","TLAHUAC","VIOLENCIA FAMILIAR","104"
"2019","Marzo","TLAHUAC","VIOLENCIA FAMILIAR","84"
"2019","Mayo","TLAHUAC","VIOLENCIA FAMILIAR","100"
"2019","Noviembre","TLAHUAC","VIOLENCIA FAMILIAR","77"
"2019","Octubre","TLAHUAC","VIOLENCIA FAMILIAR","101"
"2019","Septiembre","TLAHUAC","VIOLENCIA FAMILIAR","93"
"2020","Abril","TLAHUAC","VIOLENCIA FAMILIAR","75"
"2020","Agosto","TLAHUAC","VIOLENCIA FAMILIAR","121"
"2020","Diciembre","TLAHUAC","VIOLENCIA FAMILIAR","132"
"2020","Enero","TLAHUAC","VIOLENCIA FAMILIAR","103"
"2020","Febrero","TLAHUAC","VIOLENCIA FAMILIAR","122"
"2020","Julio","TLAHUAC","VIOLENCIA FAMILIAR","91"
"2020","Junio","TLAHUAC","VIOLENCIA FAMILIAR","85"
"2020","Marzo","TLAHUAC","VIOLENCIA FAMILIAR","129"
"2020","Mayo","TLAHUAC","VIOLENCIA FAMILIAR","62"
"2020","Noviembre","TLAHUAC","VIOLENCIA FAMILIAR","128"
"2020","Octubre","TLAHUAC","VIOLENCIA FAMILIAR","120"
"2020","Septiembre","TLAHUAC","VIOLENCIA FAMILIAR","112"
"2021","Abril","TLAHUAC","VIOLENCIA FAMILIAR","147"
"2021","Agosto","TLAHUAC","VIOLENCIA FAMILIAR","113"
"2021","Diciembre","TLAHUAC","VIOLENCIA FAMILIAR","167"
"2021","Enero","TLAHUAC","VIOLENCIA FAMILIAR","114"
"2021","Febrero","TLAHUAC","VIOLENCIA FAMILIAR","115"
"2021","Julio","TLAHUAC","VIOLENCIA FAMILIAR","150"
"2021","Junio","TLAHUAC","VIOLENCIA FAMILIAR","123"
"2021","Marzo","TLAHUAC","VIOLENCIA FAMILIAR","143"
"2021","Mayo","TLAHUAC","VIOLENCIA FAMILIAR","144"
"2021","Noviembre","TLAHUAC","VIOLENCIA FAMILIAR","146"
"2021","Octubre","TLAHUAC","VIOLENCIA FAMILIAR","127"
"2021","Septiembre","TLAHUAC","VIOLENCIA FAMILIAR","109"
"NA","NA","TLAHUAC","VIOLENCIA FAMILIAR","2"
"2019","Abril","TLALPAN","VIOLENCIA FAMILIAR","141"
"2019","Agosto","TLALPAN","VIOLENCIA FAMILIAR","182"
"2019","Diciembre","TLALPAN","VIOLENCIA FAMILIAR","145"
"2019","Enero","TLALPAN","VIOLENCIA FAMILIAR","129"
"2019","Febrero","TLALPAN","VIOLENCIA FAMILIAR","138"
"2019","Julio","TLALPAN","VIOLENCIA FAMILIAR","191"
"2019","Junio","TLALPAN","VIOLENCIA FAMILIAR","183"
"2019","Marzo","TLALPAN","VIOLENCIA FAMILIAR","181"
"2019","Mayo","TLALPAN","VIOLENCIA FAMILIAR","167"
"2019","Noviembre","TLALPAN","VIOLENCIA FAMILIAR","149"
"2019","Octubre","TLALPAN","VIOLENCIA FAMILIAR","120"
"2019","Septiembre","TLALPAN","VIOLENCIA FAMILIAR","153"
"2020","Abril","TLALPAN","VIOLENCIA FAMILIAR","132"
"2020","Agosto","TLALPAN","VIOLENCIA FAMILIAR","210"
"2020","Diciembre","TLALPAN","VIOLENCIA FAMILIAR","155"
"2020","Enero","TLALPAN","VIOLENCIA FAMILIAR","140"
"2020","Febrero","TLALPAN","VIOLENCIA FAMILIAR","152"
"2020","Julio","TLALPAN","VIOLENCIA FAMILIAR","170"
"2020","Junio","TLALPAN","VIOLENCIA FAMILIAR","160"
"2020","Marzo","TLALPAN","VIOLENCIA FAMILIAR","197"
"2020","Mayo","TLALPAN","VIOLENCIA FAMILIAR","99"
"2020","Noviembre","TLALPAN","VIOLENCIA FAMILIAR","149"
"2020","Octubre","TLALPAN","VIOLENCIA FAMILIAR","161"
"2020","Septiembre","TLALPAN","VIOLENCIA FAMILIAR","147"
"2021","Abril","TLALPAN","VIOLENCIA FAMILIAR","213"
"2021","Agosto","TLALPAN","VIOLENCIA FAMILIAR","172"
"2021","Diciembre","TLALPAN","VIOLENCIA FAMILIAR","163"
"2021","Enero","TLALPAN","VIOLENCIA FAMILIAR","160"
"2021","Febrero","TLALPAN","VIOLENCIA FAMILIAR","180"
"2021","Julio","TLALPAN","VIOLENCIA FAMILIAR","179"
"2021","Junio","TLALPAN","VIOLENCIA FAMILIAR","180"
"2021","Marzo","TLALPAN","VIOLENCIA FAMILIAR","211"
"2021","Mayo","TLALPAN","VIOLENCIA FAMILIAR","201"
"2021","Noviembre","TLALPAN","VIOLENCIA FAMILIAR","203"
"2021","Octubre","TLALPAN","VIOLENCIA FAMILIAR","210"
"2021","Septiembre","TLALPAN","VIOLENCIA FAMILIAR","204"
"NA","NA","TLALPAN","ROBO DE VEHICULO DE SERVICIO PARTICULAR SIN VIOLENCIA","5"
"2019","Abril","VENUSTIANO CARRANZA","VIOLENCIA FAMILIAR","140"
"2019","Agosto","VENUSTIANO CARRANZA","VIOLENCIA FAMILIAR","157"
"2019","Diciembre","VENUSTIANO CARRANZA","VIOLENCIA FAMILIAR","131"
"2019","Enero","VENUSTIANO CARRANZA","VIOLENCIA FAMILIAR","78"
"2019","Febrero","VENUSTIANO CARRANZA","ROBO A TRANSEUNTE EN VIA PUBLICA CON VIOLENCIA","113"
"2019","Julio","VENUSTIANO CARRANZA","VIOLENCIA FAMILIAR","132"
"2019","Junio","VENUSTIANO CARRANZA","VIOLENCIA FAMILIAR","132"
"2019","Marzo","VENUSTIANO CARRANZA","VIOLENCIA FAMILIAR","146"
"2019","Mayo","VENUSTIANO CARRANZA","VIOLENCIA FAMILIAR","159"
"2019","Noviembre","VENUSTIANO CARRANZA","VIOLENCIA FAMILIAR","120"
"2019","Octubre","VENUSTIANO CARRANZA","VIOLENCIA FAMILIAR","130"
"2019","Septiembre","VENUSTIANO CARRANZA","VIOLENCIA FAMILIAR","151"
"2020","Abril","VENUSTIANO CARRANZA","VIOLENCIA FAMILIAR","77"
"2020","Agosto","VENUSTIANO CARRANZA","VIOLENCIA FAMILIAR","137"
"2020","Diciembre","VENUSTIANO CARRANZA","VIOLENCIA FAMILIAR","151"
"2020","Enero","VENUSTIANO CARRANZA","VIOLENCIA FAMILIAR","150"
"2020","Febrero","VENUSTIANO CARRANZA","VIOLENCIA FAMILIAR","156"
"2020","Julio","VENUSTIANO CARRANZA","VIOLENCIA FAMILIAR","129"
"2020","Junio","VENUSTIANO CARRANZA","VIOLENCIA FAMILIAR","109"
"2020","Marzo","VENUSTIANO CARRANZA","VIOLENCIA FAMILIAR","176"
"2020","Mayo","VENUSTIANO CARRANZA","VIOLENCIA FAMILIAR","95"
"2020","Noviembre","VENUSTIANO CARRANZA","VIOLENCIA FAMILIAR","137"
"2020","Octubre","VENUSTIANO CARRANZA","VIOLENCIA FAMILIAR","136"
"2020","Septiembre","VENUSTIANO CARRANZA","VIOLENCIA FAMILIAR","122"
"2021","Abril","VENUSTIANO CARRANZA","VIOLENCIA FAMILIAR","169"
"2021","Agosto","VENUSTIANO CARRANZA","VIOLENCIA FAMILIAR","142"
"2021","Diciembre","VENUSTIANO CARRANZA","VIOLENCIA FAMILIAR","123"
"2021","Enero","VENUSTIANO CARRANZA","VIOLENCIA FAMILIAR","140"
"2021","Febrero","VENUSTIANO CARRANZA","VIOLENCIA FAMILIAR","137"
"2021","Julio","VENUSTIANO CARRANZA","VIOLENCIA FAMILIAR","164"
"2021","Junio","VENUSTIANO CARRANZA","VIOLENCIA FAMILIAR","154"
"2021","Marzo","VENUSTIANO CARRANZA","VIOLENCIA FAMILIAR","156"
"2021","Mayo","VENUSTIANO CARRANZA","VIOLENCIA FAMILIAR","163"
"2021","Noviembre","VENUSTIANO CARRANZA","VIOLENCIA FAMILIAR","135"
"2021","Octubre","VENUSTIANO CARRANZA","VIOLENCIA FAMILIAR","167"
"2021","Septiembre","VENUSTIANO CARRANZA","VIOLENCIA FAMILIAR","144"
"NA","NA","VENUSTIANO CARRANZA","FRAUDE","5"
"2019","Abril","XOCHIMILCO","VIOLENCIA FAMILIAR","96"
"2019","Agosto","XOCHIMILCO","VIOLENCIA FAMILIAR","109"
"2019","Diciembre","XOCHIMILCO","VIOLENCIA FAMILIAR","99"
"2019","Enero","XOCHIMILCO","VIOLENCIA FAMILIAR","81"
"2019","Febrero","XOCHIMILCO","VIOLENCIA FAMILIAR","50"
"2019","Julio","XOCHIMILCO","VIOLENCIA FAMILIAR","115"
"2019","Junio","XOCHIMILCO","VIOLENCIA FAMILIAR","103"
"2019","Marzo","XOCHIMILCO","VIOLENCIA FAMILIAR","91"
"2019","Mayo","XOCHIMILCO","VIOLENCIA FAMILIAR","138"
"2019","Noviembre","XOCHIMILCO","VIOLENCIA FAMILIAR","98"
"2019","Octubre","XOCHIMILCO","VIOLENCIA FAMILIAR","90"
"2019","Septiembre","XOCHIMILCO","VIOLENCIA FAMILIAR","109"
"2020","Abril","XOCHIMILCO","VIOLENCIA FAMILIAR","110"
"2020","Agosto","XOCHIMILCO","VIOLENCIA FAMILIAR","147"
"2020","Diciembre","XOCHIMILCO","VIOLENCIA FAMILIAR","109"
"2020","Enero","XOCHIMILCO","VIOLENCIA FAMILIAR","102"
"2020","Febrero","XOCHIMILCO","VIOLENCIA FAMILIAR","135"
"2020","Julio","XOCHIMILCO","VIOLENCIA FAMILIAR","131"
"2020","Junio","XOCHIMILCO","VIOLENCIA FAMILIAR","125"
"2020","Marzo","XOCHIMILCO","VIOLENCIA FAMILIAR","146"
"2020","Mayo","XOCHIMILCO","VIOLENCIA FAMILIAR","104"
"2020","Noviembre","XOCHIMILCO","VIOLENCIA FAMILIAR","135"
"2020","Octubre","XOCHIMILCO","VIOLENCIA FAMILIAR","136"
"2020","Septiembre","XOCHIMILCO","VIOLENCIA FAMILIAR","127"
"2021","Abril","XOCHIMILCO","VIOLENCIA FAMILIAR","131"
"2021","Agosto","XOCHIMILCO","VIOLENCIA FAMILIAR","138"
"2021","Diciembre","XOCHIMILCO","VIOLENCIA FAMILIAR","98"
"2021","Enero","XOCHIMILCO","VIOLENCIA FAMILIAR","140"
"2021","Febrero","XOCHIMILCO","VIOLENCIA FAMILIAR","112"
"2021","Julio","XOCHIMILCO","VIOLENCIA FAMILIAR","165"
"2021","Junio","XOCHIMILCO","VIOLENCIA FAMILIAR","127"
"2021","Marzo","XOCHIMILCO","VIOLENCIA FAMILIAR","165"
"2021","Mayo","XOCHIMILCO","VIOLENCIA FAMILIAR","175"
"2021","Noviembre","XOCHIMILCO","VIOLENCIA FAMILIAR","136"
"2021","Octubre","XOCHIMILCO","VIOLENCIA FAMILIAR","127"
"2021","Septiembre","XOCHIMILCO","VIOLENCIA FAMILIAR","115"
"NA","NA","XOCHIMILCO","NARCOMENUDEO POSESION SIMPLE","2"
